Month,Origin_Date,Target_Date,Origin_Close,Actual_Close,Actual_%,Predicted_%,Predicted_Level,Error_pp,Abs_Error_pp,Direction_Hit,Inside_80%_Band,Lower_P10,Upper_P90,Regime,Adaptive_Bias_pp
1,2021-10-29,2021-11-29,17708.8,17039.7,-3.78,0.73,17838,-4.51,4.51,NO,NO,17055,18621,Structural Expansion & SIP Floor,0.0
2,2021-11-29,2021-12-29,17039.7,17189.55,0.88,-0.38,16974,1.26,1.26,NO,YES,16220,17728,Tactical Pullback,-0.201
3,2021-12-29,2022-01-28,17189.55,17106.35,-0.48,-0.38,17124,-0.1,0.1,YES,YES,16363,17884,Tactical Pullback,-0.136
4,2022-01-28,2022-02-28,17106.35,16793.9,-1.83,-0.39,17040,-1.44,1.44,YES,YES,16283,17796,Tactical Pullback,-0.134
5,2022-02-28,2022-03-29,16793.9,17325.3,3.16,1.95,17122,1.21,1.21,YES,YES,16379,17864,Value Reversal & Bounce,-0.192
6,2022-03-29,2022-04-29,17325.3,17102.55,-1.29,0.93,17486,-2.21,2.21,NO,YES,16720,18253,Structural Expansion & SIP Floor,-0.129
7,2022-04-29,2022-05-27,17102.55,16352.45,-4.39,-0.31,17049,-4.07,4.07,YES,YES,16292,17805,Tactical Pullback,-0.222
8,2022-05-27,2022-06-29,16352.45,15783.35,-3.48,2.16,16706,-5.64,5.64,NO,NO,15982,17429,Value Reversal & Bounce,-0.394
9,2022-06-29,2022-07-29,15783.35,17157.95,8.71,2.38,16160,6.32,6.32,YES,NO,15462,16858,Value Reversal & Bounce,-0.627
10,2022-07-29,2022-08-29,17157.95,17339.1,1.06,1.26,17374,-0.2,0.2,YES,YES,16615,18133,Structural Expansion & SIP Floor,-0.318
11,2022-08-29,2022-09-29,17339.1,16842.9,-2.86,1.05,17521,-3.91,3.91,NO,YES,16754,18288,Structural Expansion & SIP Floor,-0.313
12,2022-09-29,2022-10-28,16842.9,17795.95,5.66,2.25,17221,3.41,3.41,YES,YES,16476,17966,Value Reversal & Bounce,-0.473
13,2022-10-28,2022-11-29,17795.95,18603.6,4.54,1.16,18002,3.38,3.38,YES,YES,17214,18789,Structural Expansion & SIP Floor,-0.3
14,2022-11-29,2022-12-29,18603.6,18210.4,-2.11,0.9,18771,-3.01,3.01,NO,YES,17948,19594,Structural Expansion & SIP Floor,-0.136
15,2022-12-29,2023-01-27,18210.4,17607.9,-3.31,-0.3,18155,-3.0,3.0,YES,YES,17349,18961,Tactical Pullback,-0.264
16,2023-01-27,2023-02-28,17607.9,17317.2,-1.65,-0.17,17577,-1.48,1.48,YES,YES,16798,18356,Tactical Pullback,-0.386
17,2023-02-28,2023-03-29,17317.2,17115.55,-1.16,-0.09,17302,-1.07,1.07,YES,YES,16536,18068,Tactical Pullback,-0.435
18,2023-03-29,2023-04-28,17115.55,18049.55,5.46,2.29,17507,3.17,3.17,YES,YES,16750,18264,Value Reversal & Bounce,-0.463
19,2023-04-28,2023-05-29,18049.55,18601.1,3.06,1.18,18263,1.87,1.87,YES,YES,17464,19061,Structural Expansion & SIP Floor,-0.301
20,2023-05-29,2023-06-28,18601.1,18993.0,2.11,0.97,18782,1.13,1.13,YES,YES,17960,19605,Structural Expansion & SIP Floor,-0.204
21,2023-06-28,2023-07-28,18993.0,19638.0,3.4,0.92,19167,2.48,2.48,YES,YES,18327,20007,Structural Expansion & SIP Floor,-0.145
22,2023-07-28,2023-08-29,19638.0,19352.95,-1.45,0.77,19789,-2.22,2.22,NO,YES,18920,20658,Structural Expansion & SIP Floor,-0.028
23,2023-08-29,2023-09-29,19352.95,19638.2,1.47,-0.42,19271,1.9,1.9,NO,YES,18415,20127,Tactical Pullback,-0.126
24,2023-09-29,2023-10-27,19638.2,19060.5,-2.94,0.77,19789,-3.71,3.71,NO,YES,18920,20658,Structural Expansion & SIP Floor,-0.036
25,2023-10-27,2023-11-29,19060.5,20096.2,5.43,-0.36,18993,5.79,5.79,NO,NO,18149,19836,Tactical Pullback,-0.199
26,2023-11-29,2023-12-29,20096.2,21728.3,8.12,0.77,20251,7.35,7.35,YES,NO,19362,21140,Structural Expansion & SIP Floor,0.067
27,2023-12-29,2024-01-29,21728.3,21744.8,0.08,0.5,21836,-0.42,0.42,YES,YES,20875,22797,Structural Expansion & SIP Floor,0.392
28,2024-01-29,2024-02-29,21744.8,22042.05,1.37,0.35,21820,1.02,1.02,YES,YES,20858,22782,Structural Expansion & SIP Floor,0.356
29,2024-02-29,2024-03-28,22042.05,22343.1,1.37,0.33,22116,1.03,1.03,YES,YES,21141,23091,Structural Expansion & SIP Floor,0.385
30,2024-03-28,2024-04-29,22343.1,22633.15,1.3,0.33,22417,0.97,0.97,YES,YES,21429,23406,Structural Expansion & SIP Floor,0.414
31,2024-04-29,2024-05-29,22633.15,22705.8,0.32,-1.22,22356,1.54,1.54,NO,YES,21355,23358,Valuation Trap & Snapback,0.439
32,2024-05-29,2024-06-28,22705.8,24009.8,5.74,0.22,22757,5.52,5.52,YES,NO,21752,23761,Structural Expansion & SIP Floor,0.488
33,2024-06-28,2024-07-29,24009.8,24840.95,3.46,0.16,24047,3.31,3.31,YES,YES,22985,25109,Structural Expansion & SIP Floor,0.712
34,2024-07-29,2024-08-29,24840.95,25156.75,1.27,-0.05,24828,1.33,1.33,NO,YES,23729,25926,Structural Expansion & SIP Floor,0.827
35,2024-08-29,2024-09-27,25156.75,26175.0,4.05,-0.14,25122,4.19,4.19,NO,YES,24009,26235,Structural Expansion & SIP Floor,0.849
36,2024-09-27,2024-10-29,26175.0,24454.0,-6.57,-0.21,26120,-6.37,6.37,YES,NO,24962,27278,Structural Expansion & SIP Floor,0.998
37,2024-10-29,2024-11-29,24454.0,24123.65,-1.35,-1.3,24137,-0.05,0.05,YES,YES,23055,25218,Tactical Pullback,0.67
38,2024-11-29,2024-12-27,24123.65,23832.45,-1.21,0.07,24140,-1.27,1.27,NO,YES,23072,25207,Structural Expansion & SIP Floor,0.638
39,2024-12-27,2025-01-29,23832.45,23176.2,-2.75,1.29,24140,-4.05,4.05,NO,YES,23086,25195,Value Reversal & Bounce,0.553
40,2025-01-29,2025-02-28,23176.2,22127.4,-4.53,1.43,23507,-5.95,5.95,NO,NO,22481,24532,Value Reversal & Bounce,0.348
41,2025-02-28,2025-03-28,22127.4,23495.15,6.18,1.67,22497,4.51,4.51,YES,NO,21518,23476,Value Reversal & Bounce,0.068
42,2025-03-28,2025-04-29,23495.15,24325.45,3.53,1.78,23913,1.75,1.75,YES,YES,22874,24953,Value Reversal & Bounce,0.266
43,2025-04-29,2025-05-29,24325.45,24880.85,2.28,0.47,24439,1.82,1.82,YES,YES,23363,25515,Structural Expansion & SIP Floor,0.332
44,2025-05-29,2025-06-27,24880.85,25632.45,3.02,0.37,24974,2.65,2.65,YES,YES,23873,26075,Structural Expansion & SIP Floor,0.398
45,2025-06-27,2025-07-29,25632.45,24830.4,-3.13,0.31,25711,-3.43,3.43,NO,YES,24577,26845,Structural Expansion & SIP Floor,0.498
46,2025-07-29,2025-08-29,24830.4,24433.65,-1.6,-0.88,24613,-0.72,0.72,YES,YES,23514,25711,Tactical Pullback,0.323
47,2025-08-29,2025-09-29,24433.65,24677.55,1.0,-0.8,24238,1.8,1.8,NO,YES,23157,25319,Tactical Pullback,0.277
48,2025-09-29,2025-10-29,24677.55,26068.3,5.64,0.38,24770,5.26,5.26,YES,NO,23679,25862,Structural Expansion & SIP Floor,0.344
49,2025-10-29,2025-11-28,26068.3,26204.55,0.52,0.29,26143,0.23,0.23,YES,YES,24990,27297,Structural Expansion & SIP Floor,0.563
50,2025-11-28,2025-12-29,26204.55,25949.8,-0.97,0.2,26257,-1.17,1.17,NO,YES,25097,27416,Structural Expansion & SIP Floor,0.549
51,2025-12-29,2026-01-29,25949.8,25422.1,-2.03,0.21,26003,-2.24,2.24,NO,YES,24855,27151,Structural Expansion & SIP Floor,0.472
52,2026-01-29,2026-02-27,25422.1,25181.8,-0.95,-0.92,25189,-0.03,0.03,YES,YES,24064,26313,Tactical Pullback,0.351
53,2026-02-27,2026-03-27,25181.8,22839.5,-9.3,0.39,25279,-9.69,9.69,NO,NO,24165,26393,Structural Expansion & SIP Floor,0.334
54,2026-03-27,2026-04-29,22839.5,24163.6,5.8,1.72,23233,4.07,4.07,YES,YES,22223,24244,Value Reversal & Bounce,-0.112
55,2026-04-29,2026-05-29,24163.6,23609.3,-2.29,0.86,24371,-3.15,3.15,NO,YES,23302,25440,Structural Expansion & SIP Floor,0.074
56,2026-05-29,2026-06-29,23609.3,23978.5,1.56,1.9,24059,-0.34,0.34,YES,YES,23014,25103,Value Reversal & Bounce,-0.069
57,2026-06-29,2026-07-29,23978.5,24242.0,1.1,2.03,24465,-0.93,0.93,YES,YES,23404,25525,Value Reversal & Bounce,-0.081
58,2026-07-29,2026-08-28,24242.0,24175.65,-0.27,0.85,24447,-1.12,1.12,NO,YES,23375,25520,Structural Expansion & SIP Floor,-0.119
59,2026-08-28,2026-09-28,24175.65,22780.25,-5.77,-0.38,24084,-5.39,5.39,YES,NO,23014,25153,Tactical Pullback,-0.164
